Benjamin,Klein,ggmailcdb192be516e6677e98b94085e5a0d34@example.com,c0mm0n,c0mm0n,1-756-674-9353,898
Immanuel,Schneider,ggmailf4f051dd2239e9a275cfbd2ba5931591@example.com,c0mm0n,c0mm0n,17633363990,510
Pinkie,Littel,ggmaile50ba0631107dbd4e93981ca8f637314@example.com,c0mm0n,c0mm0n,(634) 690-9380,578
Ada,Walsh,ggmaile50ba0631107dbd4e93981ca8f637314@example.com,c0mm0n,c0mm0n,209.484.6474 x62749,746
Buford,Lebsack,ggmail53c79508805387d9efc8ec0867282ac6@example.com,c0mm0n,c0mm0n,(564) 527-2393 x85297,501
Alexis,Armstrong,ggmail53c79508805387d9efc8ec0867282ac6@example.com,c0mm0n,c0mm0n,(997) 716-0679 x14328,802
Kayden,Berge,ggmail53c79508805387d9efc8ec0867282ac6@example.com,c0mm0n,c0mm0n,+1-845-956-5282,993
Aisha,Parker,ggmail8fe72dbdd7cb5b70280e318f3379b0a5@example.com,c0mm0n,c0mm0n,475.206.7202 x46420,656
Gunner,Brakus,ggmail8fe72dbdd7cb5b70280e318f3379b0a5@example.com,c0mm0n,c0mm0n,1-724-581-8128 x893,639
Vincenza,Walsh,ggmail8fe72dbdd7cb5b70280e318f3379b0a5@example.com,c0mm0n,c0mm0n,+1-256-935-0965,558
